[
  {
    "model": "task_manager.position",
    "pk": 122669006,
    "fields": {
      "name": "Backend"
    }
  },
  {
    "model": "task_manager.position",
    "pk": 117330238,
    "fields": {
      "name": "Frontend"
    }
  },
  {
    "model": "task_manager.position",
    "pk": 133739354,
    "fields": {
      "name": "Fullstack"
    }
  },
  {
    "model": "task_manager.position",
    "pk": 177924417,
    "fields": {
      "name": "QA"
    }
  },
  {
    "model": "task_manager.position",
    "pk": 85597765,
    "fields": {
      "name": "UI/UX"
    }
  },
  {
    "model": "task_manager.position",
    "pk": 205539218,
    "fields": {
      "name": "DevOps"
    }
  },
  {
    "model": "task_manager.position",
    "pk": 164063716,
    "fields": {
      "name": "PM"
    }
  },
  {
    "model": "task_manager.tasktype",
    "pk": 60759511,
    "fields": {
      "name": "bug-fix"
    }
  },
  {
    "model": "task_manager.tasktype",
    "pk": 214768446,
    "fields": {
      "name": "feature"
    }
  },
  {
    "model": "task_manager.tasktype",
    "pk": 4062465,
    "fields": {
      "name": "refactor"
    }
  },
  {
    "model": "task_manager.tasktype",
    "pk": 182120868,
    "fields": {
      "name": "design"
    }
  },
  {
    "model": "task_manager.tasktype",
    "pk": 584990,
    "fields": {
      "name": "research"
    }
  },
  {
    "model": "task_manager.worker",
    "pk": 93204124,
    "fields": {
      "username": "kara_johnson",
      "first_name": "Kara",
      "last_name": "Johnson",
      "email": "kara_johnson@example.com",
      "position": 133739354,
      "password": "pbkdf2_sha256$260000$example",
      "is_active": true,
      "is_staff": false,
      "is_superuser": false,
      "last_login": null,
      "date_joined": "2025-05-04T09:26:54.008141+00:00"
    }
  },
  {
    "model": "task_manager.worker",
    "pk": 26472818,
    "fields": {
      "username": "sharon_johnson",
      "first_name": "Sharon",
      "last_name": "Johnson",
      "email": "sharon_johnson@example.com",
      "position": 164063716,
      "password": "pbkdf2_sha256$260000$example",
      "is_active": true,
      "is_staff": false,
      "is_superuser": false,
      "last_login": null,
      "date_joined": "2025-05-04T09:26:54.008444+00:00"
    }
  },
  {
    "model": "task_manager.worker",
    "pk": 12520529,
    "fields": {
      "username": "ryan_perez",
      "first_name": "Ryan",
      "last_name": "Perez",
      "email": "ryan_perez@example.com",
      "position": 122669006,
      "password": "pbkdf2_sha256$260000$example",
      "is_active": true,
      "is_staff": false,
      "is_superuser": false,
      "last_login": null,
      "date_joined": "2025-05-04T09:26:54.008691+00:00"
    }
  },
  {
    "model": "task_manager.worker",
    "pk": 56281128,
    "fields": {
      "username": "tammy_martinez",
      "first_name": "Tammy",
      "last_name": "Martinez",
      "email": "tammy_martinez@example.com",
      "position": 205539218,
      "password": "pbkdf2_sha256$260000$example",
      "is_active": true,
      "is_staff": false,
      "is_superuser": false,
      "last_login": null,
      "date_joined": "2025-05-04T09:26:54.008909+00:00"
    }
  },
  {
    "model": "task_manager.worker",
    "pk": 246563028,
    "fields": {
      "username": "david_hansen",
      "first_name": "David",
      "last_name": "Hansen",
      "email": "david_hansen@example.com",
      "position": 117330238,
      "password": "pbkdf2_sha256$260000$example",
      "is_active": true,
      "is_staff": false,
      "is_superuser": false,
      "last_login": null,
      "date_joined": "2025-05-04T09:26:54.009116+00:00"
    }
  },
  {
    "model": "task_manager.worker",
    "pk": 251321457,
    "fields": {
      "username": "nicole_chambers",
      "first_name": "Nicole",
      "last_name": "Chambers",
      "email": "nicole_chambers@example.com",
      "position": 133739354,
      "password": "pbkdf2_sha256$260000$example",
      "is_active": true,
      "is_staff": false,
      "is_superuser": false,
      "last_login": null,
      "date_joined": "2025-05-04T09:26:54.009305+00:00"
    }
  },
  {
    "model": "task_manager.worker",
    "pk": 160815511,
    "fields": {
      "username": "scott_everett",
      "first_name": "Scott",
      "last_name": "Everett",
      "email": "scott_everett@example.com",
      "position": 177924417,
      "password": "pbkdf2_sha256$260000$example",
      "is_active": true,
      "is_staff": false,
      "is_superuser": false,
      "last_login": null,
      "date_joined": "2025-05-04T09:26:54.009482+00:00"
    }
  },
  {
    "model": "task_manager.worker",
    "pk": 201792552,
    "fields": {
      "username": "gregory_hines",
      "first_name": "Gregory",
      "last_name": "Hines",
      "email": "gregory_hines@example.com",
      "position": 85597765,
      "password": "pbkdf2_sha256$260000$example",
      "is_active": true,
      "is_staff": false,
      "is_superuser": false,
      "last_login": null,
      "date_joined": "2025-05-04T09:26:54.009666+00:00"
    }
  },
  {
    "model": "task_manager.worker",
    "pk": 180452603,
    "fields": {
      "username": "john_allen",
      "first_name": "John",
      "last_name": "Allen",
      "email": "john_allen@example.com",
      "position": 164063716,
      "password": "pbkdf2_sha256$260000$example",
      "is_active": true,
      "is_staff": false,
      "is_superuser": false,
      "last_login": null,
      "date_joined": "2025-05-04T09:26:54.009851+00:00"
    }
  },
  {
    "model": "task_manager.worker",
    "pk": 199745820,
    "fields": {
      "username": "tyler_rivera",
      "first_name": "Tyler",
      "last_name": "Rivera",
      "email": "tyler_rivera@example.com",
      "position": 164063716,
      "password": "pbkdf2_sha256$260000$example",
      "is_active": true,
      "is_staff": false,
      "is_superuser": false,
      "last_login": null,
      "date_joined": "2025-05-04T09:26:54.010036+00:00"
    }
  },
  {
    "model": "task_manager.worker",
    "pk": 103474317,
    "fields": {
      "username": "valerie_manning",
      "first_name": "Valerie",
      "last_name": "Manning",
      "email": "valerie_manning@example.com",
      "position": 164063716,
      "password": "pbkdf2_sha256$260000$example",
      "is_active": true,
      "is_staff": false,
      "is_superuser": false,
      "last_login": null,
      "date_joined": "2025-05-04T09:26:54.010219+00:00"
    }
  },
  {
    "model": "task_manager.worker",
    "pk": 132950874,
    "fields": {
      "username": "daisy_mclaughlin",
      "first_name": "Daisy",
      "last_name": "Mclaughlin",
      "email": "daisy_mclaughlin@example.com",
      "position": 164063716,
      "password": "pbkdf2_sha256$260000$example",
      "is_active": true,
      "is_staff": false,
      "is_superuser": false,
      "last_login": null,
      "date_joined": "2025-05-04T09:26:54.010519+00:00"
    }
  },
  {
    "model": "task_manager.worker",
    "pk": 82903587,
    "fields": {
      "username": "lauren_lewis",
      "first_name": "Lauren",
      "last_name": "Lewis",
      "email": "lauren_lewis@example.com",
      "position": 85597765,
      "password": "pbkdf2_sha256$260000$example",
      "is_active": true,
      "is_staff": false,
      "is_superuser": false,
      "last_login": null,
      "date_joined": "2025-05-04T09:26:54.010707+00:00"
    }
  },
  {
    "model": "task_manager.worker",
    "pk": 255893357,
    "fields": {
      "username": "tina_nichols",
      "first_name": "Tina",
      "last_name": "Nichols",
      "email": "tina_nichols@example.com",
      "position": 133739354,
      "password": "pbkdf2_sha256$260000$example",
      "is_active": true,
      "is_staff": false,
      "is_superuser": false,
      "last_login": null,
      "date_joined": "2025-05-04T09:26:54.010890+00:00"
    }
  },
  {
    "model": "task_manager.worker",
    "pk": 155331578,
    "fields": {
      "username": "maria_wolfe",
      "first_name": "Maria",
      "last_name": "Wolfe",
      "email": "maria_wolfe@example.com",
      "position": 164063716,
      "password": "pbkdf2_sha256$260000$example",
      "is_active": true,
      "is_staff": false,
      "is_superuser": false,
      "last_login": null,
      "date_joined": "2025-05-04T09:26:54.011070+00:00"
    }
  },
  {
    "model": "task_manager.worker",
    "pk": 68199699,
    "fields": {
      "username": "craig_bryant",
      "first_name": "Craig",
      "last_name": "Bryant",
      "email": "craig_bryant@example.com",
      "position": 117330238,
      "password": "pbkdf2_sha256$260000$example",
      "is_active": true,
      "is_staff": false,
      "is_superuser": false,
      "last_login": null,
      "date_joined": "2025-05-04T09:26:54.011240+00:00"
    }
  },
  {
    "model": "task_manager.worker",
    "pk": 49999662,
    "fields": {
      "username": "kenneth_montoya",
      "first_name": "Kenneth",
      "last_name": "Montoya",
      "email": "kenneth_montoya@example.com",
      "position": 133739354,
      "password": "pbkdf2_sha256$260000$example",
      "is_active": true,
      "is_staff": false,
      "is_superuser": false,
      "last_login": null,
      "date_joined": "2025-05-04T09:26:54.011415+00:00"
    }
  },
  {
    "model": "task_manager.worker",
    "pk": 241663336,
    "fields": {
      "username": "alan_harris",
      "first_name": "Alan",
      "last_name": "Harris",
      "email": "alan_harris@example.com",
      "position": 85597765,
      "password": "pbkdf2_sha256$260000$example",
      "is_active": true,
      "is_staff": false,
      "is_superuser": false,
      "last_login": null,
      "date_joined": "2025-05-04T09:26:54.011583+00:00"
    }
  },
  {
    "model": "task_manager.worker",
    "pk": 81228463,
    "fields": {
      "username": "anna_olson",
      "first_name": "Anna",
      "last_name": "Olson",
      "email": "anna_olson@example.com",
      "position": 122669006,
      "password": "pbkdf2_sha256$870000$6OzOyIjKo2JPSjAplKjIC6$1fBSNEEBXhnKNodlUQhY0rYbDLy3nEgRmdp7ZDutm7E=",
      "is_active": true,
      "is_staff": true,
      "is_superuser": false,
      "last_login": null,
      "date_joined": "2025-05-04T09:26:54.011772+00:00"
    }
  },
  {
    "model": "task_manager.worker",
    "pk": 190105200,
    "fields": {
      "username": "sarah_rhodes",
      "first_name": "Sarah",
      "last_name": "Rhodes",
      "email": "sarah_rhodes@example.com",
      "position": 117330238,
      "password": "pbkdf2_sha256$260000$example",
      "is_active": true,
      "is_staff": false,
      "is_superuser": false,
      "last_login": null,
      "date_joined": "2025-05-04T09:26:54.011968+00:00"
    }
  },
  {
    "model": "task_manager.worker",
    "pk": 178145406,
    "fields": {
      "username": "brian_wilson",
      "first_name": "Brian",
      "last_name": "Wilson",
      "email": "brian_wilson@example.com",
      "position": 205539218,
      "password": "pbkdf2_sha256$260000$example",
      "is_active": true,
      "is_staff": false,
      "is_superuser": false,
      "last_login": null,
      "date_joined": "2025-05-04T09:26:54.012140+00:00"
    }
  },
  {
    "model": "task_manager.worker",
    "pk": 215400285,
    "fields": {
      "username": "melody_lee",
      "first_name": "Melody",
      "last_name": "Lee",
      "email": "melody_lee@example.com",
      "position": 117330238,
      "password": "pbkdf2_sha256$260000$example",
      "is_active": true,
      "is_staff": false,
      "is_superuser": false,
      "last_login": null,
      "date_joined": "2025-05-04T09:26:54.012423+00:00"
    }
  },
  {
    "model": "task_manager.worker",
    "pk": 157790346,
    "fields": {
      "username": "carolyn_whitaker",
      "first_name": "Carolyn",
      "last_name": "Whitaker",
      "email": "carolyn_whitaker@example.com",
      "position": 164063716,
      "password": "pbkdf2_sha256$260000$example",
      "is_active": true,
      "is_staff": false,
      "is_superuser": false,
      "last_login": null,
      "date_joined": "2025-05-04T09:26:54.012725+00:00"
    }
  },
  {
    "model": "task_manager.worker",
    "pk": 252732751,
    "fields": {
      "username": "aimee_wilson",
      "first_name": "Aimee",
      "last_name": "Wilson",
      "email": "aimee_wilson@example.com",
      "position": 85597765,
      "password": "pbkdf2_sha256$260000$example",
      "is_active": true,
      "is_staff": false,
      "is_superuser": false,
      "last_login": null,
      "date_joined": "2025-05-04T09:26:54.012973+00:00"
    }
  },
  {
    "model": "task_manager.worker",
    "pk": 143989055,
    "fields": {
      "username": "destiny_price",
      "first_name": "Destiny",
      "last_name": "Price",
      "email": "destiny_price@example.com",
      "position": 177924417,
      "password": "pbkdf2_sha256$260000$example",
      "is_active": true,
      "is_staff": false,
      "is_superuser": false,
      "last_login": null,
      "date_joined": "2025-05-04T09:26:54.013177+00:00"
    }
  },
  {
    "model": "task_manager.worker",
    "pk": 55815555,
    "fields": {
      "username": "kevin_robertson",
      "first_name": "Kevin",
      "last_name": "Robertson",
      "email": "kevin_robertson@example.com",
      "position": 117330238,
      "password": "pbkdf2_sha256$260000$example",
      "is_active": true,
      "is_staff": false,
      "is_superuser": false,
      "last_login": null,
      "date_joined": "2025-05-04T09:26:54.013362+00:00"
    }
  },
  {
    "model": "task_manager.team",
    "pk": 209123243,
    "fields": {
      "name": "Hogwarts Heroes",
      "members": [
        93204124,
        56281128,
        160815511,
        199745820,
        82903587,
        68199699,
        81228463,
        215400285,
        143989055
      ],
      "projects": [
        63943392
      ]
    }
  },
  {
    "model": "task_manager.team",
    "pk": 106628480,
    "fields": {
      "name": "Rebel Alliance",
      "members": [
        26472818,
        246563028,
        201792552,
        103474317,
        255893357,
        49999662,
        190105200,
        157790346,
        55815555
      ],
      "projects": [
        232228706
      ]
    }
  },
  {
    "model": "task_manager.team",
    "pk": 778637,
    "fields": {
      "name": "Mythbusters Inc",
      "members": [
        12520529,
        251321457,
        180452603,
        132950874,
        155331578,
        241663336,
        178145406,
        252732751
      ],
      "projects": [
        239873621
      ]
    }
  },
  {
    "model": "task_manager.project",
    "pk": 63943392,
    "fields": {
      "name": "Internal Management Tool",
      "description": "Ask audience impact else relate."
    }
  },
  {
    "model": "task_manager.project",
    "pk": 232228706,
    "fields": {
      "name": "Core System Upgrade",
      "description": "Forget with true focus sure hard thing."
    }
  },
  {
    "model": "task_manager.project",
    "pk": 239873621,
    "fields": {
      "name": "UX Overhaul",
      "description": "Theory recent hair quality number fish across do."
    }
  },
  {
    "model": "task_manager.task",
    "pk": 264735188,
    "fields": {
      "name": "Front-line asynchronous open architecture",
      "description": "Still brother should film. Learn him activity start those next. Where I society wear unit they itself.",
      "deadline": "2025-05-30T09:26:54.014346+00:00",
      "is_complete": false,
      "priority": "URGENT",
      "task_type": 182120868,
      "assignees": [
        56281128,
        160815511
      ],
      "project": 63943392
    }
  },
  {
    "model": "task_manager.task",
    "pk": 237732170,
    "fields": {
      "name": "Streamlined systemic paradigm",
      "description": "Then each fish and main hard good.",
      "deadline": "2025-05-10T09:26:54.014451+00:00",
      "is_complete": false,
      "priority": "LOW",
      "task_type": 60759511,
      "assignees": [
        93204124,
        56281128,
        199745820
      ],
      "project": 63943392
    }
  },
  {
    "model": "task_manager.task",
    "pk": 199637619,
    "fields": {
      "name": "Optimized 5thgeneration hardware",
      "description": "Worker clearly assume pick behavior black. Including note best water. Tonight parent we skill his ago space two. Pay box page happen believe.",
      "deadline": "2025-05-29T09:26:54.014510+00:00",
      "is_complete": false,
      "priority": "LOW",
      "task_type": 4062465,
      "assignees": [
        68199699
      ],
      "project": 63943392
    }
  },
  {
    "model": "task_manager.task",
    "pk": 44154708,
    "fields": {
      "name": "Reverse-engineered mission-critical definition",
      "description": "Late various mean able girl. Treatment line all reflect entire can. Manager race age trial.",
      "deadline": "2025-05-24T09:26:54.014583+00:00",
      "is_complete": false,
      "priority": "URGENT",
      "task_type": 584990,
      "assignees": [
        160815511
      ],
      "project": 63943392
    }
  },
  {
    "model": "task_manager.task",
    "pk": 78129539,
    "fields": {
      "name": "Extended optimizing budgetary management",
      "description": "Member cause significant rich leave worry down in. Church civil partner radio call. Throughout forget dog event down movie ok. Score none lawyer goal establish.",
      "deadline": "2025-05-27T09:26:54.014643+00:00",
      "is_complete": false,
      "priority": "URGENT",
      "task_type": 214768446,
      "assignees": [
        93204124
      ],
      "project": 63943392
    }
  },
  {
    "model": "task_manager.task",
    "pk": 30774467,
    "fields": {
      "name": "Seamless grid-enabled project",
      "description": "House high policy. Attack strong whom big. Perhaps today law. Service well adult later.",
      "deadline": "2025-05-07T09:26:54.014709+00:00",
      "is_complete": false,
      "priority": "MEDIUM",
      "task_type": 214768446,
      "assignees": [
        81228463
      ],
      "project": 63943392
    }
  },
  {
    "model": "task_manager.task",
    "pk": 196760038,
    "fields": {
      "name": "Grass-roots hybrid ability",
      "description": "Station plant would generation table old. Again former measure interest should director surface. Will stock light check thus think play.",
      "deadline": "2025-05-09T09:26:54.014769+00:00",
      "is_complete": false,
      "priority": "LOW",
      "task_type": 4062465,
      "assignees": [
        56281128,
        160815511
      ],
      "project": 63943392
    }
  },
  {
    "model": "task_manager.task",
    "pk": 58331478,
    "fields": {
      "name": "Advanced grid-enabled success",
      "description": "Or life affect view cut expect important. History weight focus certainly investment above none. Senior like sport discover beautiful me visit.",
      "deadline": "2025-05-11T09:26:54.014829+00:00",
      "is_complete": true,
      "priority": "LOW",
      "task_type": 60759511,
      "assignees": [
        160815511,
        93204124,
        56281128
      ],
      "project": 63943392
    }
  },
  {
    "model": "task_manager.task",
    "pk": 26214020,
    "fields": {
      "name": "Total dedicated benchmark",
      "description": "Send two since treat protect magazine people reality. Significant somebody also throw government crime.",
      "deadline": "2025-05-30T09:26:54.014892+00:00",
      "is_complete": false,
      "priority": "MEDIUM",
      "task_type": 60759511,
      "assignees": [
        56281128,
        199745820
      ],
      "project": 63943392
    }
  },
  {
    "model": "task_manager.task",
    "pk": 250886549,
    "fields": {
      "name": "Virtual local forecast",
      "description": "Less writer player meeting point. Section according catch subject rate your. Itself charge professor me focus your agent.",
      "deadline": "2025-05-13T09:26:54.014947+00:00",
      "is_complete": false,
      "priority": "MEDIUM",
      "task_type": 60759511,
      "assignees": [
        215400285,
        143989055,
        81228463
      ],
      "project": 63943392
    }
  },
  {
    "model": "task_manager.task",
    "pk": 28978218,
    "fields": {
      "name": "Programmable local help-desk",
      "description": "Throw lead street man. Measure choose despite number expect. And now chair white resource home century.",
      "deadline": "2025-05-14T09:26:54.015007+00:00",
      "is_complete": false,
      "priority": "HIGH",
      "task_type": 60759511,
      "assignees": [
        68199699
      ],
      "project": 63943392
    }
  },
  {
    "model": "task_manager.task",
    "pk": 226658788,
    "fields": {
      "name": "Profound logistical functionalities",
      "description": "Quality democratic teach service hold who sense. Today paper lead morning condition base city. Front surface entire especially cell brother election.",
      "deadline": "2025-05-05T09:26:54.015090+00:00",
      "is_complete": false,
      "priority": "HIGH",
      "task_type": 60759511,
      "assignees": [
        160815511,
        56281128
      ],
      "project": 63943392
    }
  },
  {
    "model": "task_manager.task",
    "pk": 51972940,
    "fields": {
      "name": "Secured 5thgeneration open system",
      "description": "Hard trade cover environmental reflect foot. Site we station together. Back glass choose.",
      "deadline": "2025-05-27T09:26:54.015147+00:00",
      "is_complete": false,
      "priority": "MEDIUM",
      "task_type": 182120868,
      "assignees": [
        190105200
      ],
      "project": 232228706
    }
  },
  {
    "model": "task_manager.task",
    "pk": 88592145,
    "fields": {
      "name": "Visionary local focus group",
      "description": "Yourself real candidate safe resource natural carry. Tough provide want police and development commercial.",
      "deadline": "2025-05-10T09:26:54.015199+00:00",
      "is_complete": false,
      "priority": "HIGH",
      "task_type": 214768446,
      "assignees": [
        49999662
      ],
      "project": 232228706
    }
  },
  {
    "model": "task_manager.task",
    "pk": 131030129,
    "fields": {
      "name": "Synergistic bi-directional hierarchy",
      "description": "Provide son maybe sound work. Way share watch why article tree support. Threat better would respond method spring.",
      "deadline": "2025-05-28T09:26:54.015247+00:00",
      "is_complete": false,
      "priority": "URGENT",
      "task_type": 60759511,
      "assignees": [
        26472818,
        55815555,
        103474317
      ],
      "project": 232228706
    }
  },
  {
    "model": "task_manager.task",
    "pk": 156336154,
    "fields": {
      "name": "Ergonomic upward-trending implementation",
      "description": "Market return music investment recently hundred think investment. Once fear nothing generation. Military return senior director actually day.",
      "deadline": "2025-05-27T09:26:54.015301+00:00",
      "is_complete": false,
      "priority": "HIGH",
      "task_type": 214768446,
      "assignees": [
        246563028
      ],
      "project": 232228706
    }
  },
  {
    "model": "task_manager.task",
    "pk": 97074998,
    "fields": {
      "name": "Organic background firmware",
      "description": "Thousand pressure beat soon share term school. Thousand miss suddenly tough. Film land model. Already sister material own land media.",
      "deadline": "2025-06-02T09:26:54.015362+00:00",
      "is_complete": false,
      "priority": "LOW",
      "task_type": 4062465,
      "assignees": [
        190105200,
        246563028,
        103474317
      ],
      "project": 232228706
    }
  },
  {
    "model": "task_manager.task",
    "pk": 228667348,
    "fields": {
      "name": "Multi-layered attitude-oriented leverage",
      "description": "Decade avoid finally doctor class magazine effect. Face within weight matter against. Tough be ability ever officer interesting leg. School world on range single.",
      "deadline": "2025-05-11T09:26:54.015423+00:00",
      "is_complete": false,
      "priority": "MEDIUM",
      "task_type": 4062465,
      "assignees": [
        190105200,
        26472818
      ],
      "project": 232228706
    }
  },
  {
    "model": "task_manager.task",
    "pk": 253132363,
    "fields": {
      "name": "Secured client-driven protocol",
      "description": "Respond always media late house before. Study single today international.",
      "deadline": "2025-05-25T09:26:54.015504+00:00",
      "is_complete": false,
      "priority": "LOW",
      "task_type": 182120868,
      "assignees": [
        157790346,
        246563028,
        201792552
      ],
      "project": 232228706
    }
  },
  {
    "model": "task_manager.task",
    "pk": 196056674,
    "fields": {
      "name": "Ergonomic user-facing challenge",
      "description": "Upon her radio news blood structure. Word before purpose wonder play guy dinner.",
      "deadline": "2025-05-11T09:26:54.015561+00:00",
      "is_complete": true,
      "priority": "MEDIUM",
      "task_type": 182120868,
      "assignees": [
        26472818,
        103474317
      ],
      "project": 232228706
    }
  },
  {
    "model": "task_manager.task",
    "pk": 247624897,
    "fields": {
      "name": "Multi-tiered high-level strategy",
      "description": "Exist about audience. Detail society program environmental church. Mother line receive ground.",
      "deadline": "2025-05-05T09:26:54.015611+00:00",
      "is_complete": false,
      "priority": "HIGH",
      "task_type": 4062465,
      "assignees": [
        103474317,
        55815555,
        255893357
      ],
      "project": 232228706
    }
  },
  {
    "model": "task_manager.task",
    "pk": 125723920,
    "fields": {
      "name": "Progressive empowering Internet solution",
      "description": "Behind card production purpose impact degree unit long. Media lead activity artist value more.",
      "deadline": "2025-05-31T09:26:54.015664+00:00",
      "is_complete": false,
      "priority": "LOW",
      "task_type": 182120868,
      "assignees": [
        55815555,
        49999662
      ],
      "project": 232228706
    }
  },
  {
    "model": "task_manager.task",
    "pk": 181734798,
    "fields": {
      "name": "Future-proofed mobile software",
      "description": "Various according or. Prove up city word weight offer.",
      "deadline": "2025-05-22T09:26:54.015721+00:00",
      "is_complete": false,
      "priority": "MEDIUM",
      "task_type": 4062465,
      "assignees": [
        55815555,
        26472818
      ],
      "project": 232228706
    }
  },
  {
    "model": "task_manager.task",
    "pk": 124590447,
    "fields": {
      "name": "Fundamental intermediate system engine",
      "description": "First lay effect tonight American interest strategy. Person during here modern.",
      "deadline": "2025-05-26T09:26:54.015770+00:00",
      "is_complete": false,
      "priority": "MEDIUM",
      "task_type": 4062465,
      "assignees": [
        246563028,
        157790346,
        201792552
      ],
      "project": 232228706
    }
  },
  {
    "model": "task_manager.task",
    "pk": 156979528,
    "fields": {
      "name": "Distributed local pricing structure",
      "description": "Practice level of. Miss along street several similar. Truth product ok same.",
      "deadline": "2025-05-12T09:26:54.015819+00:00",
      "is_complete": false,
      "priority": "MEDIUM",
      "task_type": 60759511,
      "assignees": [
        241663336,
        252732751
      ],
      "project": 239873621
    }
  },
  {
    "model": "task_manager.task",
    "pk": 185155408,
    "fields": {
      "name": "Persistent dedicated application",
      "description": "Down poor floor policy tell author wonder. Listen safe many cost race. Ability huge age option participant.",
      "deadline": "2025-05-15T09:26:54.015877+00:00",
      "is_complete": false,
      "priority": "MEDIUM",
      "task_type": 4062465,
      "assignees": [
        180452603,
        12520529,
        155331578
      ],
      "project": 239873621
    }
  },
  {
    "model": "task_manager.task",
    "pk": 54547777,
    "fields": {
      "name": "Synchronized static orchestration",
      "description": "Add range matter skin. Under agent bring myself coach. Low almost medical left dream must scene goal.",
      "deadline": "2025-05-09T09:26:54.015932+00:00",
      "is_complete": false,
      "priority": "LOW",
      "task_type": 182120868,
      "assignees": [
        241663336,
        180452603,
        178145406
      ],
      "project": 239873621
    }
  },
  {
    "model": "task_manager.task",
    "pk": 172462417,
    "fields": {
      "name": "Ameliorated 3rdgeneration implementation",
      "description": "Score artist enter there simply. Crime good memory when image baby cost.",
      "deadline": "2025-05-14T09:26:54.015986+00:00",
      "is_complete": true,
      "priority": "HIGH",
      "task_type": 60759511,
      "assignees": [
        155331578,
        132950874,
        178145406
      ],
      "project": 239873621
    }
  },
  {
    "model": "task_manager.task",
    "pk": 213609754,
    "fields": {
      "name": "Compatible motivating analyzer",
      "description": "Him sign wish a possible main federal officer. Series water to theory our participant outside.",
      "deadline": "2025-05-07T09:26:54.016036+00:00",
      "is_complete": false,
      "priority": "LOW",
      "task_type": 4062465,
      "assignees": [
        132950874,
        251321457
      ],
      "project": 239873621
    }
  },
  {
    "model": "task_manager.task",
    "pk": 19826982,
    "fields": {
      "name": "Synergized asymmetric contingency",
      "description": "Commercial skill few daughter pay. These message high education method family television. Must pressure stock property mention amount.",
      "deadline": "2025-05-12T09:26:54.016085+00:00",
      "is_complete": false,
      "priority": "MEDIUM",
      "task_type": 584990,
      "assignees": [
        178145406,
        252732751
      ],
      "project": 239873621
    }
  },
  {
    "model": "task_manager.task",
    "pk": 9098679,
    "fields": {
      "name": "Re-engineered explicit middleware",
      "description": "Force yeah challenge role ability. Task herself lead hour according order family offer. As big ask help.",
      "deadline": "2025-06-02T09:26:54.016226+00:00",
      "is_complete": false,
      "priority": "MEDIUM",
      "task_type": 182120868,
      "assignees": [
        251321457,
        12520529,
        180452603
      ],
      "project": 239873621
    }
  },
  {
    "model": "task_manager.task",
    "pk": 55497644,
    "fields": {
      "name": "Persistent directional paradigm",
      "description": "Group career prevent just appear rule student. Situation trip president treat inside big.",
      "deadline": "2025-05-20T09:26:54.016286+00:00",
      "is_complete": true,
      "priority": "MEDIUM",
      "task_type": 182120868,
      "assignees": [
        132950874,
        12520529
      ],
      "project": 239873621
    }
  },
  {
    "model": "task_manager.task",
    "pk": 46504823,
    "fields": {
      "name": "Intuitive value-added definition",
      "description": "We establish thousand ready anything star leader. Attention up president job another hear responsibility.",
      "deadline": "2025-06-01T09:26:54.016336+00:00",
      "is_complete": false,
      "priority": "LOW",
      "task_type": 214768446,
      "assignees": [
        132950874,
        12520529
      ],
      "project": 239873621
    }
  },
  {
    "model": "task_manager.task",
    "pk": 199591726,
    "fields": {
      "name": "Compatible next generation architecture",
      "description": "Stop score notice guy mention Republican. First six school add him edge serve. Watch blue year decision.",
      "deadline": "2025-05-08T09:26:54.016399+00:00",
      "is_complete": false,
      "priority": "HIGH",
      "task_type": 214768446,
      "assignees": [
        180452603,
        155331578
      ],
      "project": 239873621
    }
  },
  {
    "model": "task_manager.task",
    "pk": 85343753,
    "fields": {
      "name": "Vision-oriented solution-oriented solution",
      "description": "Clearly large successful them. Reach director start sing discover.",
      "deadline": "2025-05-17T09:26:54.016458+00:00",
      "is_complete": false,
      "priority": "MEDIUM",
      "task_type": 4062465,
      "assignees": [
        180452603,
        178145406,
        241663336
      ],
      "project": 239873621
    }
  },
  {
    "model": "task_manager.task",
    "pk": 133926402,
    "fields": {
      "name": "Compatible transitional frame",
      "description": "Century economy visit campaign. Them together speech already give new.",
      "deadline": "2025-05-29T09:26:54.016506+00:00",
      "is_complete": false,
      "priority": "LOW",
      "task_type": 182120868,
      "assignees": [
        12520529,
        180452603,
        132950874
      ],
      "project": 239873621
    }
  }
]